[
    {
        "model": "cold_rooms.coldroom",
        "pk": 1,
        "fields": {
            "name": "Cámara 17",
            "description": "La cámara 17",
            "host": "192.168.1.5",
            "port": 502,
            "unit": 1,
            "address": 0
        }
    },
    {
        "model": "cold_rooms.coldroom",
        "pk": 2,
        "fields": {
            "name": "Cámara 18",
            "description": "La cámara 18",
            "host": "192.168.1.6",
            "port": 502,
            "unit": 1,
            "address": 0
        }
    },
    {
        "model": "cold_rooms.coldroom",
        "pk": 3,
        "fields": {
            "name": "Cámara 19",
            "description": "La cámara 19",
            "host": "192.168.1.7",
            "port": 502,
            "unit": 1,
            "address": 0
        }
    }
]