[
{
    "model": "auth.user",
    "pk": 2,
    "fields": {
        "password": "pbkdf2_sha256$216000$dQhbuk1b0fOy$wkHCB4O0a6B30MaLzi0B7nIurbX7gT8qPKzG/7hZfaI=",
        "last_login": "2021-02-10T17:45:10.608Z",
        "is_superuser": false,
        "username": "user_nivel1",
        "first_name": "",
        "last_name": "",
        "email": "",
        "is_staff": false,
        "is_active": true,
        "date_joined": "2021-02-09T12:44:40Z",
        "groups": [
            1
        ],
        "user_permissions": []
    }
},
{
    "model": "auth.user",
    "pk": 3,
    "fields": {
        "password": "pbkdf2_sha256$216000$ffdHgMA42CZx$aOitN9k8lmKIjc/VOdQQlYpUgnBHaM7FVw4Z/tH9moo=",
        "last_login": "2021-02-09T17:08:09.068Z",
        "is_superuser": false,
        "username": "user_level2",
        "first_name": "",
        "last_name": "",
        "email": "",
        "is_staff": false,
        "is_active": true,
        "date_joined": "2021-02-09T12:54:20Z",
        "groups": [
            2
        ],
        "user_permissions": []
    }
},
{
    "model": "auth.user",
    "pk": 4,
    "fields": {
        "password": "pbkdf2_sha256$216000$U3HkWJkQsTsZ$xtgup/N59jsvqbEDD2gG88XHhUos4+beH4PVwCC4DIA=",
        "last_login": null,
        "is_superuser": false,
        "username": "user_level3",
        "first_name": "",
        "last_name": "",
        "email": "",
        "is_staff": false,
        "is_active": true,
        "date_joined": "2021-02-09T12:54:46Z",
        "groups": [
            3
        ],
        "user_permissions": []
    }
},
{
    "model": "auth.user",
    "pk": 5,
    "fields": {
        "password": "pbkdf2_sha256$216000$U3HkWJkQsTsZ$xtgup/N59jsvqbEDD2gG88XHhUos4+beH4PVwCC4DIA=",
        "last_login": null,
        "is_superuser": false,
        "username": "user_level4",
        "first_name": "",
        "last_name": "",
        "email": "",
        "is_staff": false,
        "is_active": true,
        "date_joined": "2021-02-09T12:54:46Z",
        "groups": [
            4
        ],
        "user_permissions": []
    }
},
{
    "model": "auth.user",
    "pk": 6,
    "fields": {
        "password": "pbkdf2_sha256$216000$U3HkWJkQsTsZ$xtgup/N59jsvqbEDD2gG88XHhUos4+beH4PVwCC4DIA=",
        "last_login": null,
        "is_superuser": false,
        "username": "user_level5",
        "first_name": "",
        "last_name": "",
        "email": "",
        "is_staff": false,
        "is_active": true,
        "date_joined": "2021-02-09T12:54:46Z",
        "groups": [
            5
        ],
        "user_permissions": []
    }
}
]
