{
    "annotations": {
      "list": [
        {
          "builtIn": 1,
          "datasource": "-- Grafana --",
          "enable": true,
          "hide": true,
          "iconColor": "rgba(0, 211, 255, 1)",
          "name": "Annotations & Alerts",
          "type": "dashboard"
        },
        {
          "datasource": "TimescaleDB",
          "enable": true,
          "hide": false,
          "iconColor": "rgba(255, 96, 96, 1)",
          "limit": 100,
          "name": "Alarms On",
          "rawQuery": "SELECT\n  extract(epoch from ts) AS time,\n  (a.name  ||'  @ '|| c.name || ' changed to ' || value)::varchar  as text,\n  (a.name || ',' || c.name || ',' || value)::varchar  as tags\nFROM historical_event\nINNER JOIN historical_alarm AS a ON a.id = (meta->'alarm')::integer\nINNER JOIN cold_rooms_coldroom AS c ON c.id = (meta->'cold_room')::integer\nWHERE $__timeFilter(ts) AND a.name = '${alarm:raw}'  AND c.name = '${coldRoom:raw}' AND type='AlarmEvent' AND value = 'true'\nORDER BY time DESC\nLIMIT 100",
          "showIn": 0,
          "tags": [],
          "type": "tags"
        },
        {
          "datasource": "TimescaleDB",
          "enable": true,
          "hide": false,
          "iconColor": "#96D98D",
          "limit": 100,
          "name": "Alarms Off",
          "rawQuery": "SELECT\n  extract(epoch from ts) AS time,\n  (a.name  ||'  @ '|| c.name || ' changed to ' || value)::varchar  as text,\n  (a.name || ',' || c.name || ',' || value)::varchar  as tags\nFROM historical_event\nINNER JOIN historical_alarm AS a ON a.id = (meta->'alarm')::integer\nINNER JOIN cold_rooms_coldroom AS c ON c.id = (meta->'cold_room')::integer\nWHERE $__timeFilter(ts) AND a.name = '${alarm:raw}'  AND c.name = '${coldRoom:raw}' AND type='AlarmEvent' AND value = 'false'\nORDER BY time DESC\nLIMIT 100",
          "showIn": 0,
          "tags": [],
          "type": "tags"
        }
      ]
    },
    "editable": true,
    "gnetId": null,
    "graphTooltip": 1,
    "id": 2,
    "iteration": 1603358213126,
    "links": [],
    "panels": [
      {
        "aliasColors": {},
        "bars": false,
        "dashLength": 10,
        "dashes": false,
        "datasource": null,
        "description": "",
        "fieldConfig": {
          "defaults": {
            "custom": {}
          },
          "overrides": []
        },
        "fill": 0,
        "fillGradient": 0,
        "gridPos": {
          "h": 9,
          "w": 24,
          "x": 0,
          "y": 0
        },
        "hiddenSeries": false,
        "id": 2,
        "legend": {
          "avg": false,
          "current": false,
          "max": false,
          "min": false,
          "show": true,
          "total": false,
          "values": false
        },
        "lines": true,
        "linewidth": 1,
        "nullPointMode": "null",
        "options": {
          "alertThreshold": true
        },
        "percentage": false,
        "pluginVersion": "7.2.0",
        "pointradius": 0.5,
        "points": false,
        "renderer": "flot",
        "seriesOverrides": [
          {
            "alias": "/(min|max)/",
            "color": "#8AB8FF",
            "dashLength": 1,
            "dashes": true,
            "lines": true,
            "points": false,
            "spaceLength": 1
          }
        ],
        "spaceLength": 10,
        "stack": false,
        "steppedLine": false,
        "targets": [
          {
            "format": "time_series",
            "group": [],
            "metricColumn": "none",
            "rawQuery": true,
            "rawSql": "WITH RECURSIVE params (POINTS, Ts, ts_from, ts_to, cold_room, measurement, bucket_time) as (\n\tVALUES (400, INTERVAL '0.5 sec',\n\t  -- now(), now() - INTERVAL '1 min',\n\t  $__timeTo()::timestamptz, $__timeFrom()::timestamptz,\n\t  (SELECT id FROM cold_rooms_coldroom WHERE name='${coldRoom:raw}'),\n\t  (SELECT id FROM historical_measurement WHERE name='${floatMeasurement:raw}'),\n\t  INTERVAL '0 sec'\n\t)\n\tUNION ALL\n\tSELECT POINTS, Ts, ts_from, ts_to, cold_room, measurement, GREATEST(\n\t\t (ts_from - ts_to) / (POINTS - 1), Ts\n\t)\n\tFROM params WHERE bucket_time = INTERVAL '0 sec'\n)\nSELECT q.* FROM (\n  SELECT\n  \ttime_bucket(bucket_time, d.ts) AS time,\n  \t-- $__timeFrom()::timestamptz as from, $__timeTo()::timestamptz as to,\n  \tavg(d.value) as value, min(d.value), max(d.value)\n  \t-- avg(d.value) - stddev_pop(d.value) as lower_sigma,\n  \t-- avg(d.value) + stddev_pop(d.value) as upper_sigma\n  \t-- stddev(d.value), count(d.*)\n   FROM historical_floatmeasurementdata as d, params\n  WHERE bucket_time > INTERVAL '0 sec'\n    AND cold_room_id = cold_room \n    AND measurement_id = measurement\n    AND d.ts BETWEEN ts_to AND ts_from\n  GROUP BY time\n  ORDER BY time DESC\n  LIMIT 400\n) as q\n-- necessary to prevent 'data outside time range' message\nWHERE $__timeFilter(q.time) \n",
            "refId": "A",
            "select": [
              [
                {
                  "params": [
                    "value"
                  ],
                  "type": "column"
                }
              ]
            ],
            "timeColumn": "time",
            "where": [
              {
                "name": "$__timeFilter",
                "params": [],
                "type": "macro"
              }
            ]
          }
        ],
        "thresholds": [],
        "timeFrom": null,
        "timeRegions": [],
        "timeShift": null,
        "title": "${floatMeasurement:raw} @ ${coldRoom:raw}",
        "tooltip": {
          "shared": true,
          "sort": 0,
          "value_type": "individual"
        },
        "type": "graph",
        "xaxis": {
          "buckets": null,
          "mode": "time",
          "name": null,
          "show": true,
          "values": []
        },
        "yaxes": [
          {
            "format": "Misc",
            "label": null,
            "logBase": 1,
            "max": null,
            "min": null,
            "show": true
          },
          {
            "format": "short",
            "label": null,
            "logBase": 1,
            "max": null,
            "min": null,
            "show": true
          }
        ],
        "yaxis": {
          "align": false,
          "alignLevel": null
        }
      },
      {
        "aliasColors": {},
        "bars": false,
        "dashLength": 10,
        "dashes": false,
        "datasource": null,
        "description": "",
        "fieldConfig": {
          "defaults": {
            "custom": {}
          },
          "overrides": []
        },
        "fill": 0,
        "fillGradient": 0,
        "gridPos": {
          "h": 9,
          "w": 24,
          "x": 0,
          "y": 9
        },
        "hiddenSeries": false,
        "id": 5,
        "legend": {
          "avg": false,
          "current": false,
          "max": false,
          "min": false,
          "show": true,
          "total": false,
          "values": false
        },
        "lines": true,
        "linewidth": 1,
        "nullPointMode": "null",
        "options": {
          "alertThreshold": true
        },
        "percentage": false,
        "pluginVersion": "7.2.0",
        "pointradius": 0.5,
        "points": false,
        "renderer": "flot",
        "seriesOverrides": [
          {
            "alias": "/(min|max)/",
            "color": "#8AB8FF",
            "dashLength": 1,
            "dashes": true,
            "lines": true,
            "points": false,
            "spaceLength": 1
          }
        ],
        "spaceLength": 10,
        "stack": false,
        "steppedLine": false,
        "targets": [
          {
            "format": "time_series",
            "group": [],
            "metricColumn": "none",
            "rawQuery": true,
            "rawSql": "WITH RECURSIVE params (POINTS, Ts, ts_from, ts_to, cold_room, measurement, bucket_time) as (\n\tVALUES (400, INTERVAL '0.5 sec',\n\t  $__timeTo()::timestamptz, $__timeFrom()::timestamptz,\n\t  (SELECT id FROM cold_rooms_coldroom WHERE name='${coldRoom:raw}'),\n\t  (SELECT id FROM historical_measurement WHERE name='${integerMeasurement:raw}'),\n\t  INTERVAL '0 sec'\n\t)\n\tUNION ALL\n\tSELECT POINTS, Ts, ts_from, ts_to, cold_room, measurement, GREATEST(\n\t\t (ts_from - ts_to) / (POINTS - 1), Ts\n\t)\n\tFROM params WHERE bucket_time = INTERVAL '0 sec'\n)\nSELECT q.* FROM (\n  SELECT\n  \ttime_bucket(bucket_time, d.ts) AS time,\n  \tavg(d.value) as value, min(d.value), max(d.value)\n   FROM historical_integermeasurementdata as d, params\n  WHERE bucket_time > INTERVAL '0 sec'\n    AND cold_room_id = cold_room \n    AND measurement_id = measurement\n    AND d.ts BETWEEN ts_to AND ts_from\n  GROUP BY time\n  ORDER BY time DESC\n  LIMIT 400\n) as q\n-- necessary to prevent 'data outside time range' message\nWHERE $__timeFilter(q.time) ",
            "refId": "A",
            "select": [
              [
                {
                  "params": [
                    "value"
                  ],
                  "type": "column"
                }
              ]
            ],
            "timeColumn": "time",
            "where": [
              {
                "name": "$__timeFilter",
                "params": [],
                "type": "macro"
              }
            ]
          }
        ],
        "thresholds": [],
        "timeFrom": null,
        "timeRegions": [],
        "timeShift": null,
        "title": "${integerMeasurement:raw} @ ${coldRoom:raw}",
        "tooltip": {
          "shared": true,
          "sort": 0,
          "value_type": "individual"
        },
        "type": "graph",
        "xaxis": {
          "buckets": null,
          "mode": "time",
          "name": null,
          "show": true,
          "values": []
        },
        "yaxes": [
          {
            "format": "short",
            "label": null,
            "logBase": 1,
            "max": null,
            "min": null,
            "show": true
          },
          {
            "format": "short",
            "label": null,
            "logBase": 1,
            "max": null,
            "min": null,
            "show": true
          }
        ],
        "yaxis": {
          "align": false,
          "alignLevel": null
        }
      },
      {
        "backgroundColor": "rgba(128,128,128,0.1)",
        "colorMaps": [
          {
            "color": "#CCC",
            "text": "N/A"
          },
          {
            "color": "#96D98D",
            "text": "1"
          },
          {
            "color": "#FF7383",
            "text": "0"
          }
        ],
        "crosshairColor": "#8F070C",
        "datasource": null,
        "description": "",
        "display": "timeline",
        "expandFromQueryS": 0,
        "extendLastValue": true,
        "fieldConfig": {
          "defaults": {
            "custom": {}
          },
          "overrides": []
        },
        "gridPos": {
          "h": 9,
          "w": 24,
          "x": 0,
          "y": 18
        },
        "highlightOnMouseover": true,
        "id": 4,
        "legendSortBy": "-ms",
        "lineColor": "rgba(0,0,0,0.1)",
        "metricNameColor": "rgb(255, 255, 255)",
        "pluginVersion": "7.1.5",
        "rangeMaps": [
          {
            "from": "null",
            "text": "N/A",
            "to": "null"
          }
        ],
        "rowHeight": 16,
        "showDistinctCount": false,
        "showLegend": true,
        "showLegendNames": true,
        "showLegendPercent": true,
        "showLegendValues": true,
        "showTimeAxis": true,
        "showTransitionCount": true,
        "targets": [
          {
            "format": "time_series",
            "group": [],
            "metricColumn": "none",
            "rawQuery": true,
            "rawSql": "SELECT\n  $__time(ts),\n  m.name as metric,\n  value::integer\nFROM historical_booleanmeasurementdata\nINNER JOIN cold_rooms_coldroom As c ON c.id = cold_room_id\nINNER JOIN historical_measurement As m ON m.id = measurement_id\nWHERE $__timeFilter(ts) AND c.name = '${coldRoom:raw}' AND m.name = '${booleanMeasurement:raw}'\nORDER BY 1\n",
            "refId": "A",
            "select": [
              [
                {
                  "params": [
                    "value"
                  ],
                  "type": "column"
                }
              ]
            ],
            "timeColumn": "time",
            "where": [
              {
                "name": "$__timeFilter",
                "params": [],
                "type": "macro"
              }
            ]
          }
        ],
        "textSize": 12,
        "textSizeTime": 12,
        "timeFrom": null,
        "timeOptions": [
          {
            "name": "Years",
            "value": "years"
          },
          {
            "name": "Months",
            "value": "months"
          },
          {
            "name": "Weeks",
            "value": "weeks"
          },
          {
            "name": "Days",
            "value": "days"
          },
          {
            "name": "Hours",
            "value": "hours"
          },
          {
            "name": "Minutes",
            "value": "minutes"
          },
          {
            "name": "Seconds",
            "value": "seconds"
          },
          {
            "name": "Milliseconds",
            "value": "milliseconds"
          }
        ],
        "timePrecision": {
          "name": "Minutes",
          "value": "minutes"
        },
        "timeShift": null,
        "timeTextColor": "#d8d9da",
        "title": "${booleanMeasurement:raw} @ ${coldRoom:raw}",
        "type": "natel-discrete-panel",
        "units": "short",
        "useTimePrecision": false,
        "valueMaps": [
          {
            "op": "=",
            "text": "N/A",
            "value": "null"
          }
        ],
        "valueTextColor": "rgb(255, 255, 255)",
        "writeAllValues": false,
        "writeLastValue": true,
        "writeMetricNames": true
      }
    ],
    "refresh": false,
    "schemaVersion": 26,
    "style": "dark",
    "tags": [],
    "templating": {
      "list": [
        {
          "allValue": null,
          "current": {
            "selected": true,
            "text": "Cámara 1",
            "value": "Cámara 1"
          },
          "datasource": "TimescaleDB",
          "definition": "SELECT name FROM cold_rooms_coldroom",
          "hide": 0,
          "includeAll": false,
          "label": "Cold Room",
          "multi": false,
          "name": "coldRoom",
          "options": [
            {
              "selected": true,
              "text": "Cámara 1",
              "value": "Cámara 1"
            },
            {
              "selected": false,
              "text": "Cámara 2",
              "value": "Cámara 2"
            },
            {
              "selected": false,
              "text": "Cámara 3",
              "value": "Cámara 3"
            },
            {
              "selected": false,
              "text": "Cámara 4",
              "value": "Cámara 4"
            },
            {
              "selected": false,
              "text": "Cámara 5",
              "value": "Cámara 5"
            },
            {
              "selected": false,
              "text": "Cámara 6",
              "value": "Cámara 6"
            }
          ],
          "query": "SELECT name FROM cold_rooms_coldroom",
          "refresh": 0,
          "regex": "",
          "skipUrlSync": false,
          "sort": 0,
          "tagValuesQuery": "",
          "tags": [],
          "tagsQuery": "",
          "type": "query",
          "useTags": false
        },
        {
          "allValue": null,
          "current": {
            "selected": true,
            "text": "refHumidity",
            "value": "refHumidity"
          },
          "datasource": "TimescaleDB",
          "definition": "SELECT name FROM historical_measurement WHERE type = 'float'",
          "hide": 0,
          "includeAll": false,
          "label": "Float Measurement",
          "multi": false,
          "name": "floatMeasurement",
          "options": [
            {
              "selected": true,
              "text": "refHumidity",
              "value": "refHumidity"
            },
            {
              "selected": false,
              "text": "refTemperature",
              "value": "refTemperature"
            },
            {
              "selected": false,
              "text": "refC2H4",
              "value": "refC2H4"
            },
            {
              "selected": false,
              "text": "lowerBandTempStartUpHeat",
              "value": "lowerBandTempStartUpHeat"
            },
            {
              "selected": false,
              "text": "upperBandTempStartUpCold",
              "value": "upperBandTempStartUpCold"
            },
            {
              "selected": false,
              "text": "lowerBandTempStopHeat",
              "value": "lowerBandTempStopHeat"
            },
            {
              "selected": false,
              "text": "upperBandTempStopCold",
              "value": "upperBandTempStopCold"
            },
            {
              "selected": false,
              "text": "spHighTemperatureAlarm",
              "value": "spHighTemperatureAlarm"
            },
            {
              "selected": false,
              "text": "spLowTemperatureAlarm",
              "value": "spLowTemperatureAlarm"
            },
            {
              "selected": false,
              "text": "spHighHumidityAlarm",
              "value": "spHighHumidityAlarm"
            },
            {
              "selected": false,
              "text": "spLowHumidityAlarm",
              "value": "spLowHumidityAlarm"
            },
            {
              "selected": false,
              "text": "spHighC2H4Alarm",
              "value": "spHighC2H4Alarm"
            },
            {
              "selected": false,
              "text": "spLowC2H4Alarm",
              "value": "spLowC2H4Alarm"
            },
            {
              "selected": false,
              "text": "C2H4Measure",
              "value": "C2H4Measure"
            },
            {
              "selected": false,
              "text": "CO2Measure",
              "value": "CO2Measure"
            },
            {
              "selected": false,
              "text": "humidityInside",
              "value": "humidityInside"
            },
            {
              "selected": false,
              "text": "humidityOutside",
              "value": "humidityOutside"
            },
            {
              "selected": false,
              "text": "temperatureInside",
              "value": "temperatureInside"
            },
            {
              "selected": false,
              "text": "temperatureOutside",
              "value": "temperatureOutside"
            },
            {
              "selected": false,
              "text": "flowWaterMeasure",
              "value": "flowWaterMeasure"
            },
            {
              "selected": false,
              "text": "airPressure",
              "value": "airPressure"
            },
            {
              "selected": false,
              "text": "waterPressure",
              "value": "waterPressure"
            },
            {
              "selected": false,
              "text": "waterFlow",
              "value": "waterFlow"
            },
            {
              "selected": false,
              "text": "inFan1PowerMeasure",
              "value": "inFan1PowerMeasure"
            },
            {
              "selected": false,
              "text": "outFan1PowerMeasure",
              "value": "outFan1PowerMeasure"
            },
            {
              "selected": false,
              "text": "inFan2PowerMeasure",
              "value": "inFan2PowerMeasure"
            },
            {
              "selected": false,
              "text": "outFan2PowerMeasure",
              "value": "outFan2PowerMeasure"
            },
            {
              "selected": false,
              "text": "continuousHumidityThreshold",
              "value": "continuousHumidityThreshold"
            },
            {
              "selected": false,
              "text": "continuousc2H4Threshold",
              "value": "continuousc2H4Threshold"
            },
            {
              "selected": false,
              "text": "heater1PowerMeasure",
              "value": "heater1PowerMeasure"
            },
            {
              "selected": false,
              "text": "heater2PowerMeasure",
              "value": "heater2PowerMeasure"
            },
            {
              "selected": false,
              "text": "heater3PowerMeasure",
              "value": "heater3PowerMeasure"
            },
            {
              "selected": false,
              "text": "heater4PowerMeasure",
              "value": "heater4PowerMeasure"
            },
            {
              "selected": false,
              "text": "heater5PowerMeasure",
              "value": "heater5PowerMeasure"
            },
            {
              "selected": false,
              "text": "heater6PowerMeasure",
              "value": "heater6PowerMeasure"
            },
            {
              "selected": false,
              "text": "heater7PowerMeasure",
              "value": "heater7PowerMeasure"
            },
            {
              "selected": false,
              "text": "heater8PowerMeasure",
              "value": "heater8PowerMeasure"
            },
            {
              "selected": false,
              "text": "humidity",
              "value": "humidity"
            },
            {
              "selected": false,
              "text": "temperature",
              "value": "temperature"
            },
            {
              "selected": false,
              "text": "CO2",
              "value": "CO2"
            },
            {
              "selected": false,
              "text": "C2H4",
              "value": "C2H4"
            }
          ],
          "query": "SELECT name FROM historical_measurement WHERE type = 'float'",
          "refresh": 0,
          "regex": "",
          "skipUrlSync": false,
          "sort": 0,
          "tagValuesQuery": "",
          "tags": [],
          "tagsQuery": "",
          "type": "query",
          "useTags": false
        },
        {
          "allValue": null,
          "current": {
            "selected": true,
            "text": "lowRefCO2",
            "value": "lowRefCO2"
          },
          "datasource": "TimescaleDB",
          "definition": "SELECT name FROM historical_measurement WHERE type = 'int'",
          "hide": 0,
          "includeAll": false,
          "label": "Integer Measurement",
          "multi": false,
          "name": "integerMeasurement",
          "options": [
            {
              "selected": false,
              "text": "modbusOffSet",
              "value": "modbusOffSet"
            },
            {
              "selected": false,
              "text": "chamberVolume",
              "value": "chamberVolume"
            },
            {
              "selected": false,
              "text": "extractionHysteresis",
              "value": "extractionHysteresis"
            },
            {
              "selected": false,
              "text": "C2H4GasConcentration",
              "value": "C2H4GasConcentration"
            },
            {
              "selected": true,
              "text": "lowRefCO2",
              "value": "lowRefCO2"
            },
            {
              "selected": false,
              "text": "highRefCO2",
              "value": "highRefCO2"
            },
            {
              "selected": false,
              "text": "eepromTypeToSave",
              "value": "eepromTypeToSave"
            },
            {
              "selected": false,
              "text": "eepromAddressToSave",
              "value": "eepromAddressToSave"
            },
            {
              "selected": false,
              "text": "kFactor",
              "value": "kFactor"
            },
            {
              "selected": false,
              "text": "humidityPIDPeriod",
              "value": "humidityPIDPeriod"
            },
            {
              "selected": false,
              "text": "C2H4PIDPeriod",
              "value": "C2H4PIDPeriod"
            },
            {
              "selected": false,
              "text": "outputLimitMaxPIDCO2",
              "value": "outputLimitMaxPIDCO2"
            },
            {
              "selected": false,
              "text": "outputLimitMinPIDCO2",
              "value": "outputLimitMinPIDCO2"
            },
            {
              "selected": false,
              "text": "highLimitSensTempFailure",
              "value": "highLimitSensTempFailure"
            },
            {
              "selected": false,
              "text": "lowLimitSensTempFailure",
              "value": "lowLimitSensTempFailure"
            },
            {
              "selected": false,
              "text": "lowLimitSensHumidityFailure",
              "value": "lowLimitSensHumidityFailure"
            },
            {
              "selected": false,
              "text": "highLimitSensC2H4Failure",
              "value": "highLimitSensC2H4Failure"
            },
            {
              "selected": false,
              "text": "lowLimitSensC2H4Failure",
              "value": "lowLimitSensC2H4Failure"
            },
            {
              "selected": false,
              "text": "highLimitSensCO2Failure",
              "value": "highLimitSensCO2Failure"
            },
            {
              "selected": false,
              "text": "lowLimitSensCO2Failure",
              "value": "lowLimitSensCO2Failure"
            },
            {
              "selected": false,
              "text": "timerGoOffAlarmTemperature",
              "value": "timerGoOffAlarmTemperature"
            },
            {
              "selected": false,
              "text": "timerGoOffAlarmHumidity",
              "value": "timerGoOffAlarmHumidity"
            },
            {
              "selected": false,
              "text": "timerGoOffAlarmC2H4",
              "value": "timerGoOffAlarmC2H4"
            },
            {
              "selected": false,
              "text": "timerGoOffAlarmCO2",
              "value": "timerGoOffAlarmCO2"
            },
            {
              "selected": false,
              "text": "timerLimitfAlarmTemperaturePointer",
              "value": "timerLimitfAlarmTemperaturePointer"
            },
            {
              "selected": false,
              "text": "timerLimitfAlarmHumidityPointer",
              "value": "timerLimitfAlarmHumidityPointer"
            },
            {
              "selected": false,
              "text": "timerLimitfAlarmC2H4Pointer",
              "value": "timerLimitfAlarmC2H4Pointer"
            },
            {
              "selected": false,
              "text": "timerLimitfAlarmCO2Pointer",
              "value": "timerLimitfAlarmCO2Pointer"
            },
            {
              "selected": false,
              "text": "accumulatedWaterConsumption",
              "value": "accumulatedWaterConsumption"
            },
            {
              "selected": false,
              "text": "accumulatedC2H4Consumption",
              "value": "accumulatedC2H4Consumption"
            }
          ],
          "query": "SELECT name FROM historical_measurement WHERE type = 'int'",
          "refresh": 0,
          "regex": "",
          "skipUrlSync": false,
          "sort": 0,
          "tagValuesQuery": "",
          "tags": [],
          "tagsQuery": "",
          "type": "query",
          "useTags": false
        },
        {
          "allValue": null,
          "current": {
            "selected": true,
            "text": "onOffSystem",
            "value": "onOffSystem"
          },
          "datasource": "TimescaleDB",
          "definition": "SELECT name FROM historical_measurement WHERE type = 'bool'",
          "hide": 0,
          "includeAll": false,
          "label": "Boolean Measurement",
          "multi": false,
          "name": "booleanMeasurement",
          "options": [
            {
              "selected": true,
              "text": "onOffSystem",
              "value": "onOffSystem"
            },
            {
              "selected": false,
              "text": "workingMode",
              "value": "workingMode"
            },
            {
              "selected": false,
              "text": "start2",
              "value": "start2"
            },
            {
              "selected": false,
              "text": "powerOutage",
              "value": "powerOutage"
            },
            {
              "selected": false,
              "text": "C2H4ControlSelection",
              "value": "C2H4ControlSelection"
            },
            {
              "selected": false,
              "text": "CO2ControlSelection",
              "value": "CO2ControlSelection"
            },
            {
              "selected": false,
              "text": "warmControlSelection",
              "value": "warmControlSelection"
            },
            {
              "selected": false,
              "text": "coldControlSelection",
              "value": "coldControlSelection"
            },
            {
              "selected": false,
              "text": "outsideTempAvailable",
              "value": "outsideTempAvailable"
            },
            {
              "selected": false,
              "text": "humiditySystemOn1",
              "value": "humiditySystemOn1"
            },
            {
              "selected": false,
              "text": "humiditySystemOn2",
              "value": "humiditySystemOn2"
            },
            {
              "selected": false,
              "text": "humiditySystemOn3",
              "value": "humiditySystemOn3"
            },
            {
              "selected": false,
              "text": "humiditySystemOn4",
              "value": "humiditySystemOn4"
            },
            {
              "selected": false,
              "text": "humiditySystemOn5",
              "value": "humiditySystemOn5"
            },
            {
              "selected": false,
              "text": "humiditySystemOn6",
              "value": "humiditySystemOn6"
            },
            {
              "selected": false,
              "text": "humiditySystemOn7",
              "value": "humiditySystemOn7"
            },
            {
              "selected": false,
              "text": "humiditySystemOn8",
              "value": "humiditySystemOn8"
            },
            {
              "selected": false,
              "text": "C2H4SystemOn1",
              "value": "C2H4SystemOn1"
            },
            {
              "selected": false,
              "text": "inFanOn",
              "value": "inFanOn"
            },
            {
              "selected": false,
              "text": "outFanOn",
              "value": "outFanOn"
            },
            {
              "selected": false,
              "text": "openDoorOn1",
              "value": "openDoorOn1"
            },
            {
              "selected": false,
              "text": "openDoorOn2",
              "value": "openDoorOn2"
            },
            {
              "selected": false,
              "text": "highTemperatureOnAlarm",
              "value": "highTemperatureOnAlarm"
            },
            {
              "selected": false,
              "text": "lowTemperatureOnAlarm",
              "value": "lowTemperatureOnAlarm"
            },
            {
              "selected": false,
              "text": "highHumedadOnAlarm",
              "value": "highHumedadOnAlarm"
            },
            {
              "selected": false,
              "text": "lowHumedadOnAlarm",
              "value": "lowHumedadOnAlarm"
            },
            {
              "selected": false,
              "text": "highC2H4OnAlarm",
              "value": "highC2H4OnAlarm"
            },
            {
              "selected": false,
              "text": "lowC2H4OnAlarm",
              "value": "lowC2H4OnAlarm"
            },
            {
              "selected": false,
              "text": "highCO2OnAlarm",
              "value": "highCO2OnAlarm"
            },
            {
              "selected": false,
              "text": "noVentilationOnAlarm",
              "value": "noVentilationOnAlarm"
            },
            {
              "selected": false,
              "text": "fanOn1",
              "value": "fanOn1"
            },
            {
              "selected": false,
              "text": "fanOn2",
              "value": "fanOn2"
            },
            {
              "selected": false,
              "text": "fanOn3",
              "value": "fanOn3"
            },
            {
              "selected": false,
              "text": "fanOn4",
              "value": "fanOn4"
            },
            {
              "selected": false,
              "text": "fanOn5",
              "value": "fanOn5"
            },
            {
              "selected": false,
              "text": "fanOn6",
              "value": "fanOn6"
            },
            {
              "selected": false,
              "text": "fanOn7",
              "value": "fanOn7"
            },
            {
              "selected": false,
              "text": "fanOn8",
              "value": "fanOn8"
            },
            {
              "selected": false,
              "text": "resistorOn1",
              "value": "resistorOn1"
            },
            {
              "selected": false,
              "text": "resistorOn2",
              "value": "resistorOn2"
            },
            {
              "selected": false,
              "text": "resistorOn3",
              "value": "resistorOn3"
            },
            {
              "selected": false,
              "text": "resistorOn4",
              "value": "resistorOn4"
            },
            {
              "selected": false,
              "text": "resistorOn5",
              "value": "resistorOn5"
            },
            {
              "selected": false,
              "text": "resistorOn6",
              "value": "resistorOn6"
            },
            {
              "selected": false,
              "text": "resistorOn7",
              "value": "resistorOn7"
            },
            {
              "selected": false,
              "text": "resistorOn8",
              "value": "resistorOn8"
            },
            {
              "selected": false,
              "text": "emergencyStop",
              "value": "emergencyStop"
            },
            {
              "selected": false,
              "text": "safetyRelayReset",
              "value": "safetyRelayReset"
            },
            {
              "selected": false,
              "text": "evaporatorFanOn",
              "value": "evaporatorFanOn"
            },
            {
              "selected": false,
              "text": "humiditySensorReset",
              "value": "humiditySensorReset"
            },
            {
              "selected": false,
              "text": "start1",
              "value": "start1"
            },
            {
              "selected": false,
              "text": "initialInjectionC2H4",
              "value": "initialInjectionC2H4"
            },
            {
              "selected": false,
              "text": "photocell1",
              "value": "photocell1"
            },
            {
              "selected": false,
              "text": "photocell2",
              "value": "photocell2"
            },
            {
              "selected": false,
              "text": "fridgeControlRequest",
              "value": "fridgeControlRequest"
            },
            {
              "selected": false,
              "text": "heaterControlRequest",
              "value": "heaterControlRequest"
            },
            {
              "selected": false,
              "text": "fridgeAvailable",
              "value": "fridgeAvailable"
            },
            {
              "selected": false,
              "text": "heaterAvailable",
              "value": "heaterAvailable"
            },
            {
              "selected": false,
              "text": "fridgeRequest",
              "value": "fridgeRequest"
            },
            {
              "selected": false,
              "text": "heaterRequest",
              "value": "heaterRequest"
            },
            {
              "selected": false,
              "text": "fridgeOn",
              "value": "fridgeOn"
            },
            {
              "selected": false,
              "text": "heaterOn",
              "value": "heaterOn"
            },
            {
              "selected": false,
              "text": "defrostCycle",
              "value": "defrostCycle"
            },
            {
              "selected": false,
              "text": "electrovalveWater1",
              "value": "electrovalveWater1"
            },
            {
              "selected": false,
              "text": "electrovalveWater2",
              "value": "electrovalveWater2"
            },
            {
              "selected": false,
              "text": "electrovalveWater3",
              "value": "electrovalveWater3"
            },
            {
              "selected": false,
              "text": "electrovalveWater4",
              "value": "electrovalveWater4"
            },
            {
              "selected": false,
              "text": "electrovalveWater5",
              "value": "electrovalveWater5"
            },
            {
              "selected": false,
              "text": "electrovalveWater6",
              "value": "electrovalveWater6"
            },
            {
              "selected": false,
              "text": "electrovalveWater7",
              "value": "electrovalveWater7"
            },
            {
              "selected": false,
              "text": "electrovalveWater8",
              "value": "electrovalveWater8"
            },
            {
              "selected": false,
              "text": "electrovalveAir1",
              "value": "electrovalveAir1"
            },
            {
              "selected": false,
              "text": "electrovalveAir2",
              "value": "electrovalveAir2"
            },
            {
              "selected": false,
              "text": "electrovalveAir3",
              "value": "electrovalveAir3"
            },
            {
              "selected": false,
              "text": "electrovalveAir4",
              "value": "electrovalveAir4"
            },
            {
              "selected": false,
              "text": "electrovalveAir5",
              "value": "electrovalveAir5"
            },
            {
              "selected": false,
              "text": "electrovalveAir6",
              "value": "electrovalveAir6"
            },
            {
              "selected": false,
              "text": "electrovalveAir7",
              "value": "electrovalveAir7"
            },
            {
              "selected": false,
              "text": "electrovalveAir8",
              "value": "electrovalveAir8"
            },
            {
              "selected": false,
              "text": "humiditySystem1",
              "value": "humiditySystem1"
            },
            {
              "selected": false,
              "text": "humiditySystem2",
              "value": "humiditySystem2"
            },
            {
              "selected": false,
              "text": "humiditySystem3",
              "value": "humiditySystem3"
            },
            {
              "selected": false,
              "text": "humiditySystem4",
              "value": "humiditySystem4"
            },
            {
              "selected": false,
              "text": "humiditySystem5",
              "value": "humiditySystem5"
            },
            {
              "selected": false,
              "text": "humiditySystem6",
              "value": "humiditySystem6"
            },
            {
              "selected": false,
              "text": "C2H4Valve",
              "value": "C2H4Valve"
            },
            {
              "selected": false,
              "text": "airElectrovalveForced1",
              "value": "airElectrovalveForced1"
            },
            {
              "selected": false,
              "text": "airElectrovalveForced2",
              "value": "airElectrovalveForced2"
            },
            {
              "selected": false,
              "text": "airElectrovalveForced3",
              "value": "airElectrovalveForced3"
            },
            {
              "selected": false,
              "text": "airElectrovalveForced4",
              "value": "airElectrovalveForced4"
            },
            {
              "selected": false,
              "text": "airElectrovalveForced5",
              "value": "airElectrovalveForced5"
            },
            {
              "selected": false,
              "text": "airElectrovalveForced6",
              "value": "airElectrovalveForced6"
            },
            {
              "selected": false,
              "text": "airElectrovalveForced7",
              "value": "airElectrovalveForced7"
            },
            {
              "selected": false,
              "text": "airElectrovalveForced8",
              "value": "airElectrovalveForced8"
            },
            {
              "selected": false,
              "text": "waterElectrovalveForced1",
              "value": "waterElectrovalveForced1"
            },
            {
              "selected": false,
              "text": "waterElectrovalveForced2",
              "value": "waterElectrovalveForced2"
            },
            {
              "selected": false,
              "text": "waterElectrovalveForced3",
              "value": "waterElectrovalveForced3"
            },
            {
              "selected": false,
              "text": "waterElectrovalveForced4",
              "value": "waterElectrovalveForced4"
            },
            {
              "selected": false,
              "text": "waterElectrovalveForced5",
              "value": "waterElectrovalveForced5"
            },
            {
              "selected": false,
              "text": "waterElectrovalveForced6",
              "value": "waterElectrovalveForced6"
            },
            {
              "selected": false,
              "text": "waterElectrovalveForced7",
              "value": "waterElectrovalveForced7"
            },
            {
              "selected": false,
              "text": "waterElectrovalveForced8",
              "value": "waterElectrovalveForced8"
            },
            {
              "selected": false,
              "text": "C2H4Electrovalve1",
              "value": "C2H4Electrovalve1"
            },
            {
              "selected": false,
              "text": "inFanForced1",
              "value": "inFanForced1"
            },
            {
              "selected": false,
              "text": "outFanForced1",
              "value": "outFanForced1"
            },
            {
              "selected": false,
              "text": "inFanForced2",
              "value": "inFanForced2"
            },
            {
              "selected": false,
              "text": "outFanForced2",
              "value": "outFanForced2"
            },
            {
              "selected": false,
              "text": "resetAccumulatedWaterConsumption",
              "value": "resetAccumulatedWaterConsumption"
            },
            {
              "selected": false,
              "text": "resetAccumulatedC2H4Consumption",
              "value": "resetAccumulatedC2H4Consumption"
            },
            {
              "selected": false,
              "text": "petitionAccumulatedWaterConsumption",
              "value": "petitionAccumulatedWaterConsumption"
            },
            {
              "selected": false,
              "text": "petitionAccumulatedC2H4Consumption",
              "value": "petitionAccumulatedC2H4Consumption"
            },
            {
              "selected": false,
              "text": "lfan1",
              "value": "lfan1"
            },
            {
              "selected": false,
              "text": "lfan2",
              "value": "lfan2"
            },
            {
              "selected": false,
              "text": "lfan3",
              "value": "lfan3"
            },
            {
              "selected": false,
              "text": "lfan4",
              "value": "lfan4"
            },
            {
              "selected": false,
              "text": "lfan5",
              "value": "lfan5"
            },
            {
              "selected": false,
              "text": "lfan6",
              "value": "lfan6"
            },
            {
              "selected": false,
              "text": "lfan7",
              "value": "lfan7"
            },
            {
              "selected": false,
              "text": "lfan8",
              "value": "lfan8"
            },
            {
              "selected": false,
              "text": "lresistor1",
              "value": "lresistor1"
            },
            {
              "selected": false,
              "text": "lresistor2",
              "value": "lresistor2"
            },
            {
              "selected": false,
              "text": "lresistor3",
              "value": "lresistor3"
            },
            {
              "selected": false,
              "text": "lresistor4",
              "value": "lresistor4"
            },
            {
              "selected": false,
              "text": "lresistor5",
              "value": "lresistor5"
            },
            {
              "selected": false,
              "text": "lresistor6",
              "value": "lresistor6"
            },
            {
              "selected": false,
              "text": "lresistor7",
              "value": "lresistor7"
            },
            {
              "selected": false,
              "text": "lresistor8",
              "value": "lresistor8"
            },
            {
              "selected": false,
              "text": "lfanForced1",
              "value": "lfanForced1"
            },
            {
              "selected": false,
              "text": "lfanForced2",
              "value": "lfanForced2"
            },
            {
              "selected": false,
              "text": "lfanForced3",
              "value": "lfanForced3"
            },
            {
              "selected": false,
              "text": "lfanForced4",
              "value": "lfanForced4"
            },
            {
              "selected": false,
              "text": "lfanForced5",
              "value": "lfanForced5"
            },
            {
              "selected": false,
              "text": "lfanForced6",
              "value": "lfanForced6"
            },
            {
              "selected": false,
              "text": "lfanForced7",
              "value": "lfanForced7"
            },
            {
              "selected": false,
              "text": "lfanForced8",
              "value": "lfanForced8"
            },
            {
              "selected": false,
              "text": "lresistorForced1",
              "value": "lresistorForced1"
            },
            {
              "selected": false,
              "text": "lresistorForced2",
              "value": "lresistorForced2"
            },
            {
              "selected": false,
              "text": "lresistorForced3",
              "value": "lresistorForced3"
            },
            {
              "selected": false,
              "text": "lresistorForced4",
              "value": "lresistorForced4"
            },
            {
              "selected": false,
              "text": "lresistorForced5",
              "value": "lresistorForced5"
            },
            {
              "selected": false,
              "text": "lresistorForced6",
              "value": "lresistorForced6"
            },
            {
              "selected": false,
              "text": "lresistorForced7",
              "value": "lresistorForced7"
            },
            {
              "selected": false,
              "text": "lresistorForced8",
              "value": "lresistorForced8"
            },
            {
              "selected": false,
              "text": "airHeater1",
              "value": "airHeater1"
            },
            {
              "selected": false,
              "text": "airHeater2",
              "value": "airHeater2"
            },
            {
              "selected": false,
              "text": "airHeater3",
              "value": "airHeater3"
            },
            {
              "selected": false,
              "text": "airHeater4",
              "value": "airHeater4"
            },
            {
              "selected": false,
              "text": "airHeater5",
              "value": "airHeater5"
            },
            {
              "selected": false,
              "text": "airHeater6",
              "value": "airHeater6"
            },
            {
              "selected": false,
              "text": "airHeater7",
              "value": "airHeater7"
            },
            {
              "selected": false,
              "text": "airHeater8",
              "value": "airHeater8"
            },
            {
              "selected": false,
              "text": "fan1",
              "value": "fan1"
            },
            {
              "selected": false,
              "text": "fan2",
              "value": "fan2"
            },
            {
              "selected": false,
              "text": "fan3",
              "value": "fan3"
            },
            {
              "selected": false,
              "text": "fan4",
              "value": "fan4"
            },
            {
              "selected": false,
              "text": "fan5",
              "value": "fan5"
            },
            {
              "selected": false,
              "text": "fan6",
              "value": "fan6"
            },
            {
              "selected": false,
              "text": "fan7",
              "value": "fan7"
            },
            {
              "selected": false,
              "text": "fan8",
              "value": "fan8"
            },
            {
              "selected": false,
              "text": "resistor1",
              "value": "resistor1"
            },
            {
              "selected": false,
              "text": "resistor2",
              "value": "resistor2"
            },
            {
              "selected": false,
              "text": "resistor3",
              "value": "resistor3"
            },
            {
              "selected": false,
              "text": "resistor4",
              "value": "resistor4"
            },
            {
              "selected": false,
              "text": "resistor5",
              "value": "resistor5"
            },
            {
              "selected": false,
              "text": "resistor6",
              "value": "resistor6"
            },
            {
              "selected": false,
              "text": "resistor7",
              "value": "resistor7"
            },
            {
              "selected": false,
              "text": "resistor8",
              "value": "resistor8"
            },
            {
              "selected": false,
              "text": "fanForced1",
              "value": "fanForced1"
            },
            {
              "selected": false,
              "text": "fanForced2",
              "value": "fanForced2"
            },
            {
              "selected": false,
              "text": "fanForced3",
              "value": "fanForced3"
            },
            {
              "selected": false,
              "text": "fanForced4",
              "value": "fanForced4"
            },
            {
              "selected": false,
              "text": "fanForced5",
              "value": "fanForced5"
            },
            {
              "selected": false,
              "text": "fanForced6",
              "value": "fanForced6"
            },
            {
              "selected": false,
              "text": "fanForced7",
              "value": "fanForced7"
            },
            {
              "selected": false,
              "text": "fanForced8",
              "value": "fanForced8"
            },
            {
              "selected": false,
              "text": "resistorForced1",
              "value": "resistorForced1"
            },
            {
              "selected": false,
              "text": "resistorForced2",
              "value": "resistorForced2"
            },
            {
              "selected": false,
              "text": "resistorForced3",
              "value": "resistorForced3"
            },
            {
              "selected": false,
              "text": "resistorForced4",
              "value": "resistorForced4"
            },
            {
              "selected": false,
              "text": "resistorForced5",
              "value": "resistorForced5"
            },
            {
              "selected": false,
              "text": "resistorForced6",
              "value": "resistorForced6"
            },
            {
              "selected": false,
              "text": "resistorForced7",
              "value": "resistorForced7"
            },
            {
              "selected": false,
              "text": "resistorForced8",
              "value": "resistorForced8"
            },
            {
              "selected": false,
              "text": "systemOn",
              "value": "systemOn"
            },
            {
              "selected": false,
              "text": "systemOff",
              "value": "systemOff"
            },
            {
              "selected": false,
              "text": "openDoor",
              "value": "openDoor"
            }
          ],
          "query": "SELECT name FROM historical_measurement WHERE type = 'bool'",
          "refresh": 0,
          "regex": "",
          "skipUrlSync": false,
          "sort": 0,
          "tagValuesQuery": "",
          "tags": [],
          "tagsQuery": "",
          "type": "query",
          "useTags": false
        },
        {
          "allValue": null,
          "current": {
            "selected": true,
            "text": "lowTemperatureAlarm",
            "value": "lowTemperatureAlarm"
          },
          "datasource": "TimescaleDB",
          "definition": "SELECT name FROM historical_alarm",
          "hide": 0,
          "includeAll": false,
          "label": "Alarm",
          "multi": false,
          "name": "alarm",
          "options": [
            {
              "selected": false,
              "text": "highTemperatureAlarm",
              "value": "highTemperatureAlarm"
            },
            {
              "selected": true,
              "text": "lowTemperatureAlarm",
              "value": "lowTemperatureAlarm"
            },
            {
              "selected": false,
              "text": "highHumidityAlarm",
              "value": "highHumidityAlarm"
            },
            {
              "selected": false,
              "text": "lowHumidityAlarm",
              "value": "lowHumidityAlarm"
            },
            {
              "selected": false,
              "text": "highC2H4Alarm",
              "value": "highC2H4Alarm"
            },
            {
              "selected": false,
              "text": "lowC2H4Alarm",
              "value": "lowC2H4Alarm"
            },
            {
              "selected": false,
              "text": "highCO2Alarm",
              "value": "highCO2Alarm"
            },
            {
              "selected": false,
              "text": "tempSenFailure1Alarm",
              "value": "tempSenFailure1Alarm"
            },
            {
              "selected": false,
              "text": "tempSenFailure2Alarm",
              "value": "tempSenFailure2Alarm"
            },
            {
              "selected": false,
              "text": "humiditySenFailure1Alarm",
              "value": "humiditySenFailure1Alarm"
            },
            {
              "selected": false,
              "text": "humiditySenFailure2Alarm",
              "value": "humiditySenFailure2Alarm"
            },
            {
              "selected": false,
              "text": "C2H4SenFailure1Alarm",
              "value": "C2H4SenFailure1Alarm"
            },
            {
              "selected": false,
              "text": "C2H4SenFailure2Alarm",
              "value": "C2H4SenFailure2Alarm"
            },
            {
              "selected": false,
              "text": "CO2SenFailure1Alarm",
              "value": "CO2SenFailure1Alarm"
            },
            {
              "selected": false,
              "text": "CO2SenFailure2Alarm",
              "value": "CO2SenFailure2Alarm"
            },
            {
              "selected": false,
              "text": "tempSenBlocked1Alarm",
              "value": "tempSenBlocked1Alarm"
            },
            {
              "selected": false,
              "text": "tempSenBlocked2Alarm",
              "value": "tempSenBlocked2Alarm"
            },
            {
              "selected": false,
              "text": "humiditySenBlocked1Alarm",
              "value": "humiditySenBlocked1Alarm"
            },
            {
              "selected": false,
              "text": "humiditySenBlocked2Alarm",
              "value": "humiditySenBlocked2Alarm"
            },
            {
              "selected": false,
              "text": "C2H4SenBlocked1Alarm",
              "value": "C2H4SenBlocked1Alarm"
            },
            {
              "selected": false,
              "text": "C2H4SenBlocked2Alarm",
              "value": "C2H4SenBlocked2Alarm"
            },
            {
              "selected": false,
              "text": "CO2SenBlocked1Alarm",
              "value": "CO2SenBlocked1Alarm"
            },
            {
              "selected": false,
              "text": "CO2SenBlocked2Alarm",
              "value": "CO2SenBlocked2Alarm"
            },
            {
              "selected": false,
              "text": "waterLowPressureAlarm",
              "value": "waterLowPressureAlarm"
            },
            {
              "selected": false,
              "text": "airLowPressureAlarm",
              "value": "airLowPressureAlarm"
            },
            {
              "selected": false,
              "text": "C2H4SensorDelayAlarm",
              "value": "C2H4SensorDelayAlarm"
            },
            {
              "selected": false,
              "text": "openDoorAlarm1",
              "value": "openDoorAlarm1"
            },
            {
              "selected": false,
              "text": "openDoorAlarm2",
              "value": "openDoorAlarm2"
            },
            {
              "selected": false,
              "text": "inFan1NeutralAlarm",
              "value": "inFan1NeutralAlarm"
            },
            {
              "selected": false,
              "text": "outFan1NeutralAlarm",
              "value": "outFan1NeutralAlarm"
            },
            {
              "selected": false,
              "text": "inFan2NeutralAlarm",
              "value": "inFan2NeutralAlarm"
            },
            {
              "selected": false,
              "text": "outFan2NeutralAlarm",
              "value": "outFan2NeutralAlarm"
            },
            {
              "selected": false,
              "text": "inFanClixon1Alarm",
              "value": "inFanClixon1Alarm"
            },
            {
              "selected": false,
              "text": "outFanClixon1Alarm",
              "value": "outFanClixon1Alarm"
            },
            {
              "selected": false,
              "text": "inFanClixon2Alarm",
              "value": "inFanClixon2Alarm"
            },
            {
              "selected": false,
              "text": "outFanClixon2Alarm",
              "value": "outFanClixon2Alarm"
            },
            {
              "selected": false,
              "text": "inFanTerm1Alarm",
              "value": "inFanTerm1Alarm"
            },
            {
              "selected": false,
              "text": "outFanTerm1Alarm",
              "value": "outFanTerm1Alarm"
            },
            {
              "selected": false,
              "text": "inFanTerm2Alarm",
              "value": "inFanTerm2Alarm"
            },
            {
              "selected": false,
              "text": "outFanTerm2Alarm",
              "value": "outFanTerm2Alarm"
            },
            {
              "selected": false,
              "text": "airHeater1FlowAlarm",
              "value": "airHeater1FlowAlarm"
            },
            {
              "selected": false,
              "text": "airHeater2FlowAlarm",
              "value": "airHeater2FlowAlarm"
            },
            {
              "selected": false,
              "text": "airHeater3FlowAlarm",
              "value": "airHeater3FlowAlarm"
            },
            {
              "selected": false,
              "text": "airHeater4FlowAlarm",
              "value": "airHeater4FlowAlarm"
            },
            {
              "selected": false,
              "text": "airHeater5FlowAlarm",
              "value": "airHeater5FlowAlarm"
            },
            {
              "selected": false,
              "text": "airHeater6FlowAlarm",
              "value": "airHeater6FlowAlarm"
            },
            {
              "selected": false,
              "text": "airHeater7FlowAlarm",
              "value": "airHeater7FlowAlarm"
            },
            {
              "selected": false,
              "text": "airHeater8FlowAlarm",
              "value": "airHeater8FlowAlarm"
            },
            {
              "selected": false,
              "text": "airHeater1TermAlarm",
              "value": "airHeater1TermAlarm"
            },
            {
              "selected": false,
              "text": "airHeater2TermAlarm",
              "value": "airHeater2TermAlarm"
            },
            {
              "selected": false,
              "text": "airHeater3TermAlarm",
              "value": "airHeater3TermAlarm"
            },
            {
              "selected": false,
              "text": "airHeater4TermAlarm",
              "value": "airHeater4TermAlarm"
            },
            {
              "selected": false,
              "text": "airHeater5TermAlarm",
              "value": "airHeater5TermAlarm"
            },
            {
              "selected": false,
              "text": "airHeater6TermAlarm",
              "value": "airHeater6TermAlarm"
            },
            {
              "selected": false,
              "text": "airHeater7TermAlarm",
              "value": "airHeater7TermAlarm"
            },
            {
              "selected": false,
              "text": "airHeater8TermAlarm",
              "value": "airHeater8TermAlarm"
            },
            {
              "selected": false,
              "text": "airHeater1ClixonAlarm",
              "value": "airHeater1ClixonAlarm"
            },
            {
              "selected": false,
              "text": "airHeater2ClixonAlarm",
              "value": "airHeater2ClixonAlarm"
            },
            {
              "selected": false,
              "text": "airHeater3ClixonAlarm",
              "value": "airHeater3ClixonAlarm"
            },
            {
              "selected": false,
              "text": "airHeater4ClixonAlarm",
              "value": "airHeater4ClixonAlarm"
            },
            {
              "selected": false,
              "text": "airHeater5ClixonAlarm",
              "value": "airHeater5ClixonAlarm"
            },
            {
              "selected": false,
              "text": "airHeater6ClixonAlarm",
              "value": "airHeater6ClixonAlarm"
            },
            {
              "selected": false,
              "text": "airHeater7ClixonAlarm",
              "value": "airHeater7ClixonAlarm"
            },
            {
              "selected": false,
              "text": "airHeater8ClixonAlarm",
              "value": "airHeater8ClixonAlarm"
            },
            {
              "selected": false,
              "text": "airHeater1OperationAlarm",
              "value": "airHeater1OperationAlarm"
            },
            {
              "selected": false,
              "text": "airHeater2OperationAlarm",
              "value": "airHeater2OperationAlarm"
            },
            {
              "selected": false,
              "text": "airHeater3OperationAlarm",
              "value": "airHeater3OperationAlarm"
            },
            {
              "selected": false,
              "text": "airHeater4OperationAlarm",
              "value": "airHeater4OperationAlarm"
            },
            {
              "selected": false,
              "text": "airHeater5OperationAlarm",
              "value": "airHeater5OperationAlarm"
            },
            {
              "selected": false,
              "text": "airHeater6OperationAlarm",
              "value": "airHeater6OperationAlarm"
            },
            {
              "selected": false,
              "text": "airHeater7OperationAlarm",
              "value": "airHeater7OperationAlarm"
            },
            {
              "selected": false,
              "text": "airHeater8OperationAlarm",
              "value": "airHeater8OperationAlarm"
            },
            {
              "selected": false,
              "text": "airHeater1ClixonResistorAlarm",
              "value": "airHeater1ClixonResistorAlarm"
            },
            {
              "selected": false,
              "text": "airHeater2ClixonResistorAlarm",
              "value": "airHeater2ClixonResistorAlarm"
            },
            {
              "selected": false,
              "text": "airHeater3ClixonResistorAlarm",
              "value": "airHeater3ClixonResistorAlarm"
            },
            {
              "selected": false,
              "text": "airHeater4ClixonResistorAlarm",
              "value": "airHeater4ClixonResistorAlarm"
            },
            {
              "selected": false,
              "text": "airHeater5ClixonResistorAlarm",
              "value": "airHeater5ClixonResistorAlarm"
            },
            {
              "selected": false,
              "text": "airHeater6ClixonResistorAlarm",
              "value": "airHeater6ClixonResistorAlarm"
            },
            {
              "selected": false,
              "text": "airHeater7ClixonResistorAlarm",
              "value": "airHeater7ClixonResistorAlarm"
            },
            {
              "selected": false,
              "text": "airHeater8ClixonResistorAlarm",
              "value": "airHeater8ClixonResistorAlarm"
            },
            {
              "selected": false,
              "text": "airHeater1NeutralAlarm",
              "value": "airHeater1NeutralAlarm"
            },
            {
              "selected": false,
              "text": "airHeater2NeutralAlarm",
              "value": "airHeater2NeutralAlarm"
            },
            {
              "selected": false,
              "text": "airHeater3NeutralAlarm",
              "value": "airHeater3NeutralAlarm"
            },
            {
              "selected": false,
              "text": "airHeater4NeutralAlarm",
              "value": "airHeater4NeutralAlarm"
            },
            {
              "selected": false,
              "text": "airHeater5NeutralAlarm",
              "value": "airHeater5NeutralAlarm"
            },
            {
              "selected": false,
              "text": "airHeater6NeutralAlarm",
              "value": "airHeater6NeutralAlarm"
            },
            {
              "selected": false,
              "text": "airHeater7NeutralAlarm",
              "value": "airHeater7NeutralAlarm"
            },
            {
              "selected": false,
              "text": "airHeater8NeutralAlarm",
              "value": "airHeater8NeutralAlarm"
            }
          ],
          "query": "SELECT name FROM historical_alarm",
          "refresh": 0,
          "regex": "",
          "skipUrlSync": false,
          "sort": 0,
          "tagValuesQuery": "",
          "tags": [],
          "tagsQuery": "",
          "type": "query",
          "useTags": false
        }
      ]
    },
    "time": {
      "from": "now-7d",
      "to": "now"
    },
    "timepicker": {
      "refresh_intervals": [
        "5s",
        "10s",
        "30s",
        "1m",
        "5m",
        "15m",
        "30m",
        "1h",
        "2h",
        "1d"
      ]
    },
    "timezone": "",
    "title": "Sample auto-switch dashboard",
    "uid": "1ycpcOpGk",
    "version": 7
  }